design_id,strategy,protein_length_aa,tier_a,composite,composite_prob,S_DSB,S_Spec,S_Cargo,S_Deliv,S_Immuno,S_Prog,S_Mature,pen_score,beats_is621,final_mean_plddt,active_site_plddt,ddg_kcal_mol,ddg_method,stability_gate_status,organism,genus,protein_name,gate_7_pf01548,gate_7_pf02371,gate_7_pass,protein_sequence
IS621_deimmunized_v2_Y255K_D41C_G65K_E187M_D27C_D203C_V285C_V152C_T224C_L318K_E87C_L193I_L275I_P177V,C,342,DSB_FREE_TRANSEST_RECOMBINASE,True,0.9814168049447954,1.0,0.9891,1.0,0.9552,0.8777,0.9851,0.792,0.9673,True,92.392,93.772,-40691.25,rosetta_cartesian_ddg,NOT_APPLIED_CROSS_PROTEIN_BUG,,,,,,,MDRFFPVIRICKVGFTMEHELHYIGICTAKEKLDVDVLRPCGRHRTKKFANTTKGHDELVSWLKKHKIDHAHICIEATGTYMEPVACCLYDAGYIVSVINPALGKAFAQSEGLRNKTDTVDARMLAEFCRQKRPAAWEAPHPLERALRALVCRHQALTDMHTQELNRTETAREVQRVSIDAHLLWLMAELKRIEKQIKDLTDCDPDMKHRRKLLESIPGIGEKCSAVLLAYIGLKDRFAHARQFAAFAGLTPRRKESGSSVRGASRMSKAGHVSIRRALYMPAMCATSKTEWGRAFRDRLAANGKKGKVILGAMMRKKAQVAYGVLKSGVPFDASRHNPVAA
C_targeted_001,C,342,DSB_FREE_TRANSEST_RECOMBINASE,True,0.9814168049447954,1.0,0.9891,1.0,0.9552,0.7909,0.9851,0.792,0.9586,True,91.627,92.786,-40622.309,rosetta_cartesian_ddg,NOT_APPLIED_CROSS_PROTEIN_BUG,,,,,,,MDRFFPVIRICKVGFTMEHELHYIGIDTAKEKLDVDVLRPDGRHRTKKFANTTKGHDELVSWLKGHKIDHAHICIEATGTYMEPVAECNYDAGYIVSVINPALGKAFAQSEGLRNKTDTVDARMLAEFCRQKRPAAWEAPHPLERALRALVVRHQALTDMHTQENNRTETAREVQRPSIDAHLTWLEAELKRLEKQIKDLTDDDPDMKHRRKNLESIPGIGEKCSAVLLAYIGLKDRFAHARQFAAFAGLTPRRYESGSSVRGASRMSKAGHVSNRRALYMPAMVATSKTEWGRAFRDRLAANGKKGKVILGAMMRKLAQVAYGVLKSGVPFDASRHNPVAA
D8PEA4,D,314,DSB_FREE_TRANSEST_RECOMBINASE,True,0.9990736137308178,1.0,0.9549,1.0,0.9705,0.7452,0.9993,0.396,0.9353,True,94.302,96.986,,rosetta_cross_protein_INVALID,NOT_APPLIED_CROSS_PROTEIN_BUG,Nitrospira defluvii,,Transposase,True,True,True,MSAEIFVGMDVSQGGVDVAVQPGTAFQIAHNERGIAEAVARLQAVQPTLIVLEATGGLEVPLTGALAAAGLPVVVINPRQVRDFARATGPLAKTDRLEAQILARFAEAIRPPVRPVPDEQTQALAALVARRRQLIEMLTAEKNRLRLAARPIQKRVQAHVTWLEKELASTNTDLTATIRESPVWRAKADVLRSVPGVGPVLTTTLFANLPELGTLTRKEVAALAGVAPFPRDSGTLKGRRTIWGGRAHVRAALYMAALVATRRNSVIRAFYQRLCQAGKAKKLALTACMRKLLTILNAMLKHGTRWRVTASQPA
D016_IS621_ProtMPNN_T0.1_sample23,D,342,DSB_FREE_TRANSEST_RECOMBINASE,True,0.9814168049447954,1.0,0.9531,1.0,0.9552,0.7577,0.9851,0.396,0.9319,True,92.202,93.376,-40624.028,rosetta_cartesian_ddg,NOT_APPLIED_CROSS_PROTEIN_BUG,,,,,,,MDRFFPVIRICKVGFTMEHSTAYIGIDTAKERLTVCVLLPDGRHRTATFANTPEGYAAFVAWLREHGITDADVVIEATGTYMEPIARTLLAAGYRVAVINPALFKAFRQSEGLRNKTDTVDARALALFARQKRPPPWEPPHPLEEELRALVVEHQRLTDMHTQVLNRLETARPEELPFLEAHLLWLTAQLAAIEARIRELIAANPLLARQRKLLESIPGIGEKTSAVLLAHLGLERRFAHARQFAAFAGLTPRRYESGSSVRGASRMSKAGHVDLRRSLYMPAMVYISKTKVGRKFAERLKKNGKKGKVILGAMMRKLAQVAYGVLKSGVPFDPSRHNPVAA
D023_IS621_ProtMPNN_T0.1_sample8,D,342,DSB_FREE_TRANSEST_RECOMBINASE,True,0.9814168049447954,1.0,0.9531,1.0,0.9552,0.7577,0.9851,0.396,0.9319,True,92.17,93.788,-40518.329,rosetta_cartesian_ddg,NOT_APPLIED_CROSS_PROTEIN_BUG,,,,,,,MDRFFPVIRICKVGFTMEHSTAYIGIDTAKEYLTVCVLLPDGRHRTARFPNTPEGYAALVAWLREHGITDARVVIEATGTYMEPIAETLLAAGYEVAVINPALFKAFRQSEGLRNKTDTVDARALAEFARQKRPPAWTPPPPLERELRALVVEHQRLTDMHTQVLNRLETARPEELPFLEAHLLWLTERLAEITARIRALIAADPLLARQRALLESIPGIGEKTSATILAFVGLERRFAHARQFAAFAGLTPRRYESGSSVRGASRMSKAGHVALRRSLYMPAMVFVSKTKVGRKFAKRLKKNGKKGKVILGAMMRKLAQVAYGVLKSGVPFDPSRHNPVAA
D022_IS621_ProtMPNN_T0.1_sample27,D,342,DSB_FREE_TRANSEST_RECOMBINASE,True,0.9814168049447954,1.0,0.9531,1.0,0.9552,0.7494,0.9851,0.396,0.9311,True,91.623,92.882,-40945.562,rosetta_cartesian_ddg,NOT_APPLIED_CROSS_PROTEIN_BUG,,,,,,,MDRFFPVIRICKVGFTMEHMTCYIGIDTAKETLTVCVLLPDGRHRTATFPNNEEGYAALVAWLKEHGITDAHVVIEATGTYMEPVARTLIAAGYRVSVINPALFKAFKQSEGLRNKTDTVDARALALFGRQKRPPPWEPPPELERELRALVVEHQRLTDMHTQVLNRLETARPEELPFLEAHLLWLERQLREIEERIRELVESDPVLARQKALLESIPGIGEKTSAVLLSFIGLERRFAHARQFAAFAGLTPRRYESGSSVRGASRMSKAGHVELRRSLYMPAMVFTSKTKVGRKFAKRLKKNGKKGKVILGAMMRKLAQVAYGVLKSGVPFDPSRHNPVAA
D024_IS621_ProtMPNN_T0.1_sample15,D,342,DSB_FREE_TRANSEST_RECOMBINASE,True,0.9814168049447954,1.0,0.9531,1.0,0.9552,0.7494,0.9851,0.396,0.9311,True,92.279,93.712,-40723.729,rosetta_cartesian_ddg,NOT_APPLIED_CROSS_PROTEIN_BUG,,,,,,,MDRFFPVIRICKVGFTMEHSTAYIGIDTAKEYLEVCVLLPDGRHRTARFANTPEGYAALVAWLEAHGIRDAYVVIEATGTYMEPVAETLHAAGYRVAVINPALFKAFRQSEGLRNKTDTVDARALALFGRQKRPPEWTPPPPLERELRALVVEHQRLTDMHTQVLNRLETARPEELPFLEAHLLWLEEQLAALSKRIRDLIASNELLARKRALLESIPGIGEKTSAVLLAFLGLDDRFAHARQFAAFAGLTPRRYESGSSVRGASRMSKAGHVDLRRSLYMPAMVFTSKTKVGRKFAKRLKKNGKKGKVILGAMMRKLAQVAYGVLKSGVPFDPSRHNPVAA
D030_IS621_ProtMPNN_T0.1_sample7,D,342,DSB_FREE_TRANSEST_RECOMBINASE,True,0.9814168049447954,1.0,0.9531,1.0,0.9552,0.7494,0.9851,0.396,0.9311,True,91.953,93.7,-40652.726,rosetta_cartesian_ddg,NOT_APPLIED_CROSS_PROTEIN_BUG,,,,,,,MDRFFPVIRICKVGFTMEHTTVYIGIDTAKETLTVCVLLPDGRHRTATFANNAAGYEALVAWLRELGITDADVVIEATGTYMEPVARTLIAAGYRVAVINPALFKAFRQSEGRRNKTDTVDARALALFGRQKRPPAWTPPPPLEEELRALVVEHQRLTDMHTQVLNRLETARPEERPFLEAHLLWLDARLADIAARIRELVAADPVLARKKALIESIPGIGEKTSAVALAFIGLEQRFAHARQFAAFAGLTPRRYESGSSVRGASRMSKAGHVDFRRSLYMPAMVFVSKTKVGRKFAERLRKNGKKGKVILGAMMRKLAQVIYGVLKSGVPFDASRHNPVAA
D025_IS621_ProtMPNN_T0.1_sample19,D,342,DSB_FREE_TRANSEST_RECOMBINASE,True,0.9814168049447954,1.0,0.9531,1.0,0.9552,0.741,0.9851,0.396,0.9303,True,91.797,93.476,-39959.843,rosetta_cartesian_ddg,NOT_APPLIED_CROSS_PROTEIN_BUG,,,,,,,MDRFFPVIRICKVGFTMEHTTAYIGIDTAKETLTVCVLLPDGRHRTATFANTPAGYAALVAWLRAHGIEDAHVVIEATGTYMEPVAATLRAAGFRVSVINPALFKAFRQSEGYRNKTDTVDARALAEFGRQKRPPAWEAPPAVERELRALVVEHQRLTDMHTQVLNRLETARPEELPFLEAHLLWLDAQLRAISARIRELIAADPVLARQRKLLESIPGIGEKTSAVLLSFVGLERRFAHARQFAAFAGLTPRRYESGSSVRGASRMSKAGHVELRRSLYMPAMVFVSKTKVGRKFAKRLRKNGKKGKVILGAMMRKLAQVAYGVLKSGVPFDPSRHNPVAA
D7BKC8,D,399,DSB_FREE_TRANSEST_RECOMBINASE,True,0.9990736137308178,1.0,0.9549,1.0,0.924,0.7637,0.9993,0.396,0.9302,True,93.575,97.892,,rosetta_cross_protein_INVALID,NOT_APPLIED_CROSS_PROTEIN_BUG,Arcanobacterium haemolyticum ATCC 9345,,Transposase IS116/IS110/IS902 family protein,True,True,True,MRTDRPDIFLGLDVGKTDHWACALTDSGQVLWNKTLPNNEQKLTDIYTNLSAKGSVLVVVDQPATIGALAIAVAQHMGIEVAYLPGLTMRRIADLYPGEAKTDEKDAFIIADAARSLPHTLRQLTKTDQDEAGLAMLTGFDLDLSRQVNQVSNRIRGLFTQIHPELERVLGPRLEHDAILEVLATWPTPQALRKAGRARMDAKLKKHGARRHAAWTEDILTALAKQSVIVTGTEAAGLVIPHLARQLVSLHAQRANVASEVEKIVATHPLYLVLRSMPGIGLRTAAVIIAELAGKTFTSSAALASYAGLAPTTRQSGSSIKSERVSHSGNKRLKRALFLSAFAVIRTDPVSRAYYDRKRAQGKRHNQAIIALAHRRLTVLYAMLRDGTLYDVPDTALAA
D006_IS621_ProtMPNN_T0.1_sample10,D,342,DSB_FREE_TRANSEST_RECOMBINASE,True,0.9814168049447954,1.0,0.9531,1.0,0.9552,0.7327,0.9851,0.396,0.9294,True,92.332,94.024,-40605.224,rosetta_cartesian_ddg,NOT_APPLIED_CROSS_PROTEIN_BUG,,,,,,,MDRFFPVIRICKVGFTMEHSTAYIGIDTAKETLTVCVLLPDGRHRTATFSNTPEGYAALVAWLREHGIEDAHVVIEATGTYMEPVAETLRAAGFRVSVINPALFKAFRQSEGLRNKTDTVDARALALFGRQKRPPEWTPPAPLERDLRALVVEHQDLTDMHTQVLNRLETARPEELPFLEAHLLWLDERLREIEARIRALIAADPLLARQRALLESIPGIGEKTSAVLLAFLGLEQRFAHARQFAAFAGLTPRRYESGSSVRGASRMSKAGHVGLRRSLYMPAMVYISKTKVGRKFAKRLKKNGKKGKVILGAMMRKLAQVAYGVLKSGVPFDPSRHNPVAA
D008_IS621_ProtMPNN_T0.1_sample11,D,342,DSB_FREE_TRANSEST_RECOMBINASE,True,0.9814168049447954,1.0,0.9531,1.0,0.9552,0.7327,0.9851,0.396,0.9294,True,91.766,93.718,-40782.712,rosetta_cartesian_ddg,NOT_APPLIED_CROSS_PROTEIN_BUG,,,,,,,MDRFFPVIRICKVGFTMEHSTAYIGIDTAKEYLEVCVLLPDGRHRTRRFANTPEGYAALVAWLRELGITDAHVVIEATGTYMEPVARTLAAAGYRVSVINPALFKAFRQSEGLRNKTDTVDARALALFGRQKRPPPWTPPPPLLEELRALVVEHQRLTDMHTQVLNRLETARPEERPFLEAHLLWLTARLAELAARIRELIAADPLLARQRALLESIPGIGEKTSAVLLAHLGLDRRFAHARQFAAFAGLTPRRYESGSSVRGASRMSKAGHVSLRRSLYMPAMVFVSKTKVGRKFAKRLKKNGKKGKVILGAMMRKLAQVAYGVLKSGVPFDPSRHNPVAA
D010_IS621_ProtMPNN_T0.1_sample17,D,342,DSB_FREE_TRANSEST_RECOMBINASE,True,0.9814168049447954,1.0,0.9531,1.0,0.9552,0.7327,0.9851,0.396,0.9294,True,91.933,93.588,-40363.151,rosetta_cartesian_ddg,NOT_APPLIED_CROSS_PROTEIN_BUG,,,,,,,MDRFFPVIRICKVGFTMEHMTAYIGIDTAKERLTVCVLLPDGRHRTATFPNTPEGYAALVAWLAEHGITDAHVVIEATGTYMEPVAETLRAAGYRVSVINPALFKAFRQSEGLRNKTDTVDARALALFGRQKRPPPWEPPHPLERELRALVVEHQRLTDMHTQVLNRLETARPEELPFLEAHLLWLDARLAAITKRIRELIESNPVLKEKKKLIESIPGIGEKTSAVALSFVGLEQRFAHARQFAAFAGLTPRRYESGSSVRGASRMSKAGHVGFRRSLYMPAMVFTSKTKVGRKFAKRLKKNGKKGKVILGAAMRKLAQVIYGVLKSGVPFDPSRHNPVAA
D011_IS621_ProtMPNN_T0.1_sample18,D,342,DSB_FREE_TRANSEST_RECOMBINASE,True,0.9814168049447954,1.0,0.9531,1.0,0.9552,0.7327,0.9851,0.396,0.9294,True,91.816,93.296,-40884.659,rosetta_cartesian_ddg,NOT_APPLIED_CROSS_PROTEIN_BUG,,,,,,,MDRFFPVIRICKVGFTMEHSTAYIGIDTAKEYLEVCVLLPDGRHRTARFANTPEGYAAFVAWLREHGITDADVVIEATGTYMEPVAETLHAAGFRVAVINPALFKAFKQSEGLRNKTDTVDARALALFGRQKRPPPWTPPPPLERELRALVVEHQRLTDMHTQVLNRLETARPEERPFLEAHLLWLTAQLAALAARIRALVDADPVLARQRKLLESIPGIGEKTSAVLLSFLGLEQRFAHARQFAAFCGLTPRRYESGSSVRGASRMSKAGHVALRRSLYMPAMVFTSKTKVGRKFAKRLKKNGKKGKVILGAMMRKLAQVAYGVLKSGVPFDPSRHNPVAA
D020_IS621_ProtMPNN_T0.1_sample6,D,342,DSB_FREE_TRANSEST_RECOMBINASE,True,0.9814168049447954,1.0,0.9531,1.0,0.9552,0.7327,0.9851,0.396,0.9294,True,91.88,92.692,-41100.795,rosetta_cartesian_ddg,NOT_APPLIED_CROSS_PROTEIN_BUG,,,,,,,MDRFFPVIRICKVGFTMEHSTCYIGIDTAKEYLTVCVLFPDGRHRTATFTNDAAGYEALVAWLRELGIEDAHVVIEATGTYMEPVARTLHAAGFRVSVINPALFKAFRQSEGLRNKTDTVDARALALFGRQKRPPPWEPPHPLEEELRALVVEHQRLTDMHTQVLNRLETARPEERPFLEAHLLWLDARLAAIEARIRALIAADPLLARQRKLLESIPGIGEKTSAVLLSFLGLEQRFAHARQFAAFCGLTPRRYESGSSVRGASRMSKAGHVELRRSLYMPAMVYLSKTKVGRKFAERLKKNGKKGKVILGAMMRKLAQVAYGVLKSGVPFDPSRHNPVAA
D026_IS621_ProtMPNN_T0.1_sample4,D,342,DSB_FREE_TRANSEST_RECOMBINASE,True,0.9814168049447954,1.0,0.9531,1.0,0.9552,0.7327,0.9851,0.396,0.9294,True,91.616,92.47,-40732.134,rosetta_cartesian_ddg,NOT_APPLIED_CROSS_PROTEIN_BUG,,,,,,,MDRFFPVIRICKVGFTMEHSTAYIGIDTAKEYLTVCVLLPDGRHRTARFKNTPEGYKAFVAWLKEHGITDAHVVIEATGTYMEPIAETLLAAGYRVSVINPALFKAFRQSEGLRNKTDTVDARALALFGRQKRPPPWEPPPPLERELRALVVEHQRLTDMHTQVLNRRETARPEELPFLDAHLLWLEAQIKAIEERIRALIESDPVLARKRKLLESIPGIGEKTSAVLLAFLGLEQRFAHARQFAAFAGLTPRRYESGSSVRGASRMSKAGHVELRRSLYMPAMVFVSKTKVGRKFAKRLKKNGKKGKVILGAMMRKLAQVAYGVLKSGVPFDPSRHNPVAA
